id,uuid,organization_id,name,path,size
1,dbce9007-48ae-4f0c-beab-57df267d62e9,1,jorge-ramirez-988-7dFbNlo-unsplash.jpg,files/fda5adba21b49f939754d6db5eb1961a.jpg,260008
2,7fdf1b87-d2b6-4c61-aacf-c898bf0b5834,1,joshua-rawson-harris-VYTE_h_wx9g-unsplash.jpg,files/a9232ca8105bb67d216d138f0e0169a4.jpg,844365
3,6425dfff-5755-4f69-acc5-d54ba1ae3b2f,1,good-faces-yWTUg04EZU8-unsplash.jpg,files/0af6d8c297630b89ff66d494f01f43b4.jpg,164460
4,6ac07a5c-231b-4a15-b4ba-a2edb8b7c628,1,ryan-hoffman-v7Jja2ChN6s-unsplash.jpg,files/5d2bbf472ee9c3529fa17b69f435b4a3.jpg,285164
5,0fdde0eb-6c93-481c-a332-dbb96f7c5435,1,jenny-ueberberg-v_1k3vRX4kg-unsplash.jpg,files/bfe5858459d9d184522565b648c2fc85.jpg,202799
6,de932c39-2d0c-4c0d-9a7e-fc51c0f45b9b,1,foto-sushi-6anudmpILw4-unsplash.jpg,files/15875d68711a32e5a86322dd9d734ca0.jpg,142470
7,ff8ad8e8-edaf-48e3-a00e-66c7a38d9feb,1,remy-gieling-51IHV_v5iRs-unsplash.jpg,files/7ad98ddacea4aff50bfddf8544076d82.jpg,211492
8,75d0c036-cdab-411a-bd49-6e5cf3892e34,1,thisisengineering-raeng-ovWUKV1btXk-unsplash.jpg,files/1c31a080733e401489f1ec8d1f06fb27.jpg,271019
9,0eba3f50-b855-463f-83c3-01360a157f34,1,zq-lee-R6ZB8A9LAyg-unsplash.jpg,files/16d1a0383b12cf6a8489f946e673e45c.jpg,294939
10,c668471d-893d-4f9d-b91d-2b63fd4b8106,1,james-yarema-npTT9rD8wd4-unsplash.jpg,files/835e5fe093d27ccbd17ce560c45c123b.jpg,218661
11,043a1116-f53b-4f05-804e-bde9d9894df7,1,thisisengineering-raeng-sbFmoKBK7jU-unsplash.jpg,files/1cd9f6c0d0966a8086978a85fb6a0a7e.jpg,108980
12,48a1c3f0-cebf-4473-8a05-1761d402c172,1,umberto-jXd2FSvcRr8-unsplash.jpg,files/923f95a94f60fc6916c39f5a7c919752.jpg,651366
13,6faec61d-25db-4c8c-a995-9f15b108ba62,1,thisisengineering-raeng-KQXrDYrfvnw-unsplash.jpg,files/0217ef4c816164f7a6bd7734cc3ad213.jpg,251501
14,e45d7e5d-c789-416e-8e52-484da1055439,1,thisisengineering-raeng-lfIDAUla2Hw-unsplash.jpg,files/76441caa3a136257bfd3fd408d4e09b1.jpg,1505847
15,fde8c8bc-d663-4f31-bdb1-73421b94768d,1,thisisengineering-raeng-GckgQqyHoa4-unsplash.jpg,files/d79e8ce7cf57fc4c0c7a69bb0780bbc8.jpg,246101
16,23192d5a-1b0f-4cf5-8fc6-93947fc8702d,1,sahand-babali-gavODTHG36Y-unsplash.jpg,files/dad144bb1802fa43f4cdb5dacd8ff27f.jpg,263667
17,6cb8f8f2-897d-466f-936e-e4812c1e63b8,1,nasa-cIX5TlQ_FgM-unsplash.jpg,files/6689921281927008bd747a13a29bd2da.jpg,959031
18,e9d64d95-63e9-4872-9d5d-c079393fa1dc,1,luke-chesser-JpY2rPHFL8E-unsplash.jpg,files/408dcc28519c41e2f926ba41822c86e5.jpg,236400
19,01add0e2-5d81-4648-bee1-dcffb64db255,1,fakurian-design-DgtbXKO1UOY-unsplash.jpg,files/58beec25d75ab4f0190247472dd07dd5.jpg,71197
20,3f0e98c3-9964-49c3-ba91-e801d84cf35b,1,clarisse-croset--tikpxRBcsA-unsplash.jpg,files/29c45b70252212d7bca14ec8da368dfb.jpg,877164
21,ab400e55-eff2-4424-99de-b560be423b84,1,christin-hume-Hcfwew744z4-unsplash.jpg,files/da0e88fcdd2a181c3fa71fb24d895a80.jpg,246042
22,cebbd680-3e05-4384-b5d9-2aa678a5b425,1,chris-ried-bN5XdU-bap4-unsplash.jpg,files/58fe2a745b33acebdb33f90fb8777a51.jpg,355235
23,6cf12fe7-6041-4b1e-95b8-d952545682af,1,austin-distel-wawEfYdpkag-unsplash.jpg,files/59188719aa3784760bed3cced63bd216.jpg,759600
24,c14676ab-4f44-4f64-92d9-6233439d98c1,1,andrew-mcelroy-3_PaUEEcwMc-unsplash.jpg,files/16689d296d315de351ceb6e83dd2b93b.jpg,380598
25,01cccbcd-70c4-4086-b782-b05edf3b2bbe,1,alesia-kazantceva-XLm6-fPwK5Q-unsplash.jpg,files/ce7d5fb2cb97435410902044d96855c5.jpg,188651
26,67e1530e-e14a-4157-bbb0-6aec9bf4fcf5,1,ales-nesetril-Im7lZjxeLhg-unsplash.jpg,files/82195627cfc22bd2b2cf3710c3ec8bda.jpg,82346